Zona_Origen,Zona_Destino,Viajes_Totales
0,1,0.0
0,10,0.0
0,11,0.0
0,12,0.0
0,14,0.0
0,15,0.0
0,16,0.0
0,20,0.0
0,21,0.0
0,22,0.0
0,23,0.0
0,24,0.0
0,29,0.0
0,3,0.0
0,30,0.0
0,35,0.0
0,36,0.0
0,38,0.0
0,4,0.0
0,41,0.0
0,42,0.0
0,43,0.0
0,44,0.0
0,47,0.0
0,5,0.0
0,56,0.0
0,61,0.0
0,62,0.0
0,63,0.0
0,64,0.0
0,65,0.0
0,67,0.0
0,69,0.0
0,7,0.0
0,70,0.0
0,71,0.0
0,72,0.0
0,73,0.0
0,8,0.0
1,12,176.7
1,14,48.44
1,15,176.7
1,2,43.42
1,20,27.25
1,3,118.59
1,37,21.28
1,38,77.28
1,4,238.9
1,43,25.9
1,44,43.15
1,47,103.35
1,49,233.77
1,5,55.56
1,56,72.41
1,58,13.57
1,64,33.13
1,7,28.01
1,71,113.04
10,0,0.0
10,10,314.44
10,11,32.36
10,12,600.18
10,13,290.18
10,14,116.35
10,15,402.32
10,16,843.98
10,17,25.95
10,18,132.36
10,19,21.61
10,2,297.91
10,21,355.75
10,22,203.4
10,24,105.54
10,25,64.3
10,26,158.11
10,27,218.22
10,28,169.69
10,29,29.59
10,3,256.34
10,30,36.07
10,31,104.06
10,33,538.35
10,34,210.97
10,35,109.16
10,36,114.83
10,37,169.27
10,38,162.41
10,39,206.54
10,40,218.68
10,41,51.71
10,42,324.69
10,43,170.87
10,44,442.65
10,47,165.14
10,48,130.5
10,49,28.35
10,5,607.75
10,53,11.45
10,56,173.92
10,6,178.44
10,64,153.41
10,65,15.42
10,67,15.6
10,7,229.1
10,8,151.34
10,9,139.66
11,1,61.98
11,10,59.09
11,11,1005.49
11,12,666.88
11,13,265.75
11,14,405.09
11,15,580.65
11,16,1084.47
11,18,240.11
11,2,165.41
11,20,21.59
11,21,159.1
11,22,309.7
11,24,308.38
11,26,41.62
11,27,194.36
11,28,40.06
11,29,37.58
11,3,136.38
11,30,23.45
11,31,66.63
11,32,38.12
11,33,262.21
11,34,72.91
11,35,134.62
11,37,79.18
11,40,133.63
11,41,118.3
11,42,600.57
11,43,327.61
11,44,466.2
11,45,5.13
11,47,191.18
11,48,19.89
11,49,28.35
11,5,857.76
11,50,53.01
11,52,77.27
11,55,31.13
11,56,112.58
11,6,77.54
11,64,358.69
11,65,57.49
11,66,29.78
11,67,43.67
11,7,718.63
11,72,44.01
11,8,1146.09
11,9,290.01
12,0,0.0
12,1,176.7
12,10,565.95
12,11,834.41
12,12,2706.83
12,13,428.42
12,14,1376.22
12,15,1136.08
12,16,1700.44
12,17,314.8
12,18,186.34
12,19,17.8
12,2,443.85
12,20,104.35
12,21,922.89
12,22,347.27
12,24,486.64
12,25,580.68
12,26,35.82
12,27,310.99
12,28,130.4
12,29,23.45
12,3,892.55
12,30,72.13
12,31,187.81
12,33,394.63
12,34,289.73
12,35,354.71
12,36,97.32
12,37,48.56
12,38,168.73
12,39,306.12
12,4,209.01
12,40,306.88
12,41,520.13
12,42,1087.91
12,43,1087.45
12,44,92.51
12,45,1.65
12,47,349.26
12,48,140.41
12,49,64.78
12,5,1610.33
12,52,312.96
12,55,55.79
12,56,515.31
12,57,21.36
12,59,86.01
12,6,280.11
12,61,86.01
12,63,184.37
12,64,308.1
12,65,208.08
12,66,84.79
12,7,1011.83
12,8,1926.27
12,9,130.86
13,0,0.0
13,10,461.99
13,11,252.36
13,12,610.18
13,13,178.06
13,14,109.35
13,15,418.62
13,16,176.33
13,17,25.74
13,2,44.01
13,20,38.43
13,21,373.48
13,22,239.52
13,24,694.56
13,25,25.44
13,26,55.25
13,27,367.06
13,28,293.14
13,29,137.52
13,3,182.6
13,30,195.62
13,31,99.27
13,32,89.3
13,33,111.97
13,34,148.57
13,35,144.2
13,37,152.38
13,39,93.48
13,4,25.44
13,40,246.97
13,41,115.57
13,42,428.14
13,43,116.9
13,44,391.33
13,47,339.97
13,48,114.98
13,5,662.09
13,52,25.44
13,55,49.33
13,56,280.95
13,57,10.78
13,62,46.99
13,63,57.93
13,64,83.54
13,65,68.11
13,66,50.87
13,68,25.44
13,7,261.84
13,71,25.44
13,8,289.68
13,9,37.3
14,0,0.0
14,10,88.9
14,11,302.79
14,12,1269.87
14,13,60.84
14,14,443.83
14,15,481.29
14,16,1499.62
14,17,100.29
14,18,936.32
14,2,120.81
14,20,98.46
14,21,245.27
14,22,138.84
14,23,34.57
14,24,304.1
14,25,193.32
14,27,192.41
14,28,348.14
14,29,142.34
14,3,307.98
14,30,85.71
14,31,64.9
14,32,86.42
14,34,61.05
14,35,463.82
14,37,92.3
14,38,143.47
14,39,51.22
14,4,114.15
14,41,161.3
14,42,1315.0
14,43,195.78
14,44,216.97
14,47,179.7
14,48,110.85
14,49,110.95
14,5,818.45
14,55,56.58
14,56,226.99
14,59,9.75
14,6,19.3
14,63,78.84
14,64,237.6
14,65,189.34
14,66,19.3
14,7,479.27
14,8,507.04
14,9,34.35
15,1,176.7
15,10,457.81
15,11,619.2
15,12,961.92
15,13,410.55
15,14,633.6
15,15,958.59
15,16,1669.97
15,17,77.68
15,18,82.63
15,19,12.14
15,2,222.09
15,21,240.02
15,22,830.78
15,24,248.5
15,25,152.21
15,26,71.64
15,27,367.94
15,28,327.35
15,29,258.78
15,3,512.06
15,30,167.92
15,31,47.24
15,33,40.75
15,34,106.48
15,35,588.98
15,36,121.15
15,37,43.31
15,38,139.73
15,39,406.99
15,4,193.35
15,40,158.66
15,41,192.89
15,42,1033.47
15,43,1126.29
15,44,205.81
15,47,434.77
15,48,67.28
15,49,255.32
15,5,1057.98
15,51,7.2
15,52,41.73
15,56,205.43
15,57,131.72
15,63,112.28
15,64,106.63
15,65,72.91
15,7,475.98
15,73,37.0
15,8,359.01
15,9,18.99
16,10,831.46
16,11,991.25
16,12,1317.94
16,13,254.05
16,14,956.63
16,15,1715.61
16,16,1651.27
16,17,494.77
16,18,214.04
16,2,31.57
16,20,179.1
16,21,290.59
16,22,736.11
16,24,192.18
16,25,383.5
16,26,75.73
16,27,1388.42
16,28,119.89
16,29,216.24
16,3,1753.59
16,30,31.57
16,31,84.82
16,33,119.87
16,34,613.57
16,35,187.01
16,36,52.64
16,37,84.65
16,38,132.41
16,39,706.96
16,4,311.6
16,40,296.16
16,41,498.49
16,42,359.25
16,43,1173.26
16,44,43.15
16,46,29.94
16,47,200.62
16,48,67.28
16,49,39.84
16,5,3014.99
16,50,50.96
16,52,77.46
16,56,512.32
16,57,27.96
16,6,35.57
16,61,79.67
16,63,489.23
16,64,160.04
16,65,328.61
16,67,71.74
16,68,67.36
16,7,1514.96
16,74,203.54
16,8,1498.94
16,9,164.05
17,10,25.95
17,12,255.03
17,14,74.39
17,15,145.09
17,16,365.32
17,17,51.89
17,18,43.45
17,2,26.71
17,20,60.03
17,21,242.1
17,22,212.72
17,24,100.18
17,25,189.28
17,27,80.96
17,3,197.39
17,30,25.67
17,32,92.78
17,35,8.65
17,37,64.6
17,38,76.09
17,39,75.68
17,4,46.15
17,40,25.95
17,41,42.79
17,42,91.89
17,43,115.27
17,47,25.95
17,48,336.92
17,5,120.21
17,52,68.87
17,55,43.9
17,56,91.43
17,6,63.18
17,63,43.95
17,68,135.1
17,7,159.52
17,72,38.04
17,8,183.34
17,9,39.33
18,10,67.96
18,11,250.96
18,12,301.3
18,14,749.01
18,15,82.63
18,16,132.2
18,17,43.45
18,18,296.34
18,2,86.9
18,22,146.06
18,24,27.8
18,27,263.54
18,3,442.4
18,30,49.05
18,34,38.13
18,36,93.51
18,37,19.79
18,39,99.53
18,4,29.63
18,42,235.84
18,43,78.3
18,47,143.45
18,5,443.39
18,56,100.63
18,59,19.5
18,62,31.33
18,63,43.45
18,67,29.63
18,7,330.36
18,8,769.61
18,9,43.45
19,10,13.68
19,15,24.36
19,19,97.14
19,3,124.18
19,33,37.27
19,37,17.8
19,38,92.64
19,4,35.61
19,41,43.22
19,5,201.12
19,52,228.22
19,53,38.05
19,54,15.96
19,69,17.8
19,74,7.85
19,8,35.61
2,1,43.42
2,10,82.29
2,11,152.18
2,12,472.97
2,13,44.01
2,14,88.65
2,15,311.77
2,16,75.58
2,18,110.8
2,19,12.14
2,2,283.56
2,20,38.43
2,21,111.05
2,22,20.04
2,26,28.39
2,27,255.35
2,3,1431.54
2,31,113.76
2,34,284.1
2,35,17.91
2,37,102.88
2,38,30.02
2,39,196.2
2,4,321.99
2,40,78.53
2,42,43.45
2,43,64.6
2,47,91.27
2,48,67.28
2,49,541.23
2,5,1257.6
2,51,12.82
2,52,44.01
2,54,30.02
2,56,249.65
2,57,33.92
2,63,10.21
2,67,20.04
2,68,44.01
2,7,392.62
2,8,339.89
20,0,0.0
20,10,81.75
20,11,56.22
20,12,84.24
20,13,80.55
20,14,45.93
20,16,137.96
20,17,45.93
20,2,38.43
20,20,259.13
20,21,319.78
20,22,498.83
20,24,115.3
20,25,98.25
20,27,174.38
20,28,21.59
20,3,38.43
20,30,21.59
20,33,21.59
20,34,21.59
20,37,56.22
20,39,47.76
20,4,11.99
20,40,81.75
20,42,21.59
20,43,357.15
20,49,118.99
20,5,443.46
20,54,24.33
20,56,181.8
20,61,43.19
20,63,84.36
20,64,25.61
20,65,92.23
20,66,56.22
20,7,54.5
20,8,168.58
20,9,60.03
21,10,332.27
21,11,101.11
21,12,721.03
21,13,337.13
21,14,222.83
21,15,336.31
21,16,380.98
21,17,114.6
21,18,55.35
21,2,47.91
21,20,254.94
21,21,2305.06
21,22,1136.47
21,24,608.45
21,25,366.59
21,26,95.71
21,27,1040.04
21,28,140.17
21,29,193.06
21,3,170.65
21,30,33.97
21,31,133.1
21,33,30.7
21,34,179.24
21,36,17.41
21,38,158.56
21,39,208.73
21,40,31.39
21,41,314.56
21,42,232.5
21,43,843.09
21,46,23.0
21,47,234.2
21,48,110.85
21,49,43.78
21,5,961.28
21,52,52.01
21,56,459.05
21,58,13.57
21,59,68.34
21,63,69.3
21,64,37.55
21,65,612.44
21,66,104.9
21,67,39.47
21,7,569.57
21,71,26.92
21,72,39.47
21,8,662.59
21,9,202.97
22,1,28.47
22,10,286.38
22,11,253.68
22,12,238.87
22,13,209.99
22,14,60.76
22,15,454.64
22,16,542.17
22,17,255.47
22,18,56.95
22,2,38.2
22,20,476.05
22,21,1175.99
22,22,5469.24
22,23,34.57
22,24,183.64
22,25,297.48
22,26,130.91
22,27,661.07
22,28,64.17
22,29,421.86
22,3,677.73
22,30,246.16
22,31,152.54
22,32,108.99
22,33,28.47
22,34,692.06
22,35,219.26
22,36,148.25
22,37,176.04
22,39,35.93
22,4,85.29
22,40,71.86
22,41,932.01
22,42,195.46
22,43,748.6
22,45,70.22
22,46,28.47
22,47,628.43
22,48,390.68
22,49,56.95
22,5,1473.81
22,52,85.42
22,55,28.47
22,56,719.3
22,57,50.68
22,58,27.14
22,59,72.13
22,6,12.95
22,60,3.8
22,61,163.1
22,62,46.89
22,63,290.99
22,64,226.51
22,65,1044.24
22,66,79.15
22,67,70.22
22,68,28.47
22,7,1037.93
22,71,18.41
22,72,47.48
22,73,56.95
22,74,28.47
22,8,556.13
22,9,111.29
23,10,34.57
23,14,34.57
23,22,34.57
23,23,207.44
23,27,90.01
23,39,69.15
23,47,90.01
23,5,34.57
23,50,34.57
23,52,69.15
23,53,69.15
23,54,34.57
23,58,54.29
23,6,24.26
23,61,34.57
23,68,44.73
23,7,34.57
23,73,69.15
24,0,0.0
24,10,95.84
24,11,240.03
24,12,436.61
24,13,443.82
24,14,234.23
24,15,445.62
24,16,35.08
24,17,67.86
24,18,40.76
24,19,27.8
24,2,27.8
24,20,118.9
24,21,724.97
24,22,236.41
24,24,2140.52
24,25,293.17
24,26,148.33
24,27,993.57
24,28,267.7
24,29,335.96
24,3,657.55
24,30,261.91
24,31,301.31
24,32,35.38
24,33,122.48
24,34,478.69
24,35,54.62
24,36,74.16
24,37,55.6
24,39,323.69
24,4,312.27
24,40,256.06
24,41,414.54
24,42,67.69
24,43,360.29
24,45,27.8
24,47,1034.84
24,48,156.8
24,49,27.8
24,5,1314.37
24,55,156.46
24,56,923.28
24,61,103.59
24,63,56.23
24,64,25.61
24,65,171.99
24,67,158.91
24,68,40.76
24,7,1066.24
24,72,68.56
24,73,144.75
24,8,475.37
24,9,134.04
25,10,106.3
25,12,539.73
25,13,77.62
25,14,99.2
25,15,124.06
25,16,307.22
25,17,84.91
25,2,44.01
25,20,83.47
25,21,321.62
25,22,373.49
25,24,257.79
25,25,2225.86
25,26,203.49
25,27,853.39
25,28,111.28
25,29,555.11
25,3,204.65
25,30,109.13
25,31,91.72
25,33,62.36
25,34,81.5
25,35,29.32
25,36,87.96
25,37,110.82
25,39,313.11
25,41,198.41
25,42,176.82
25,43,176.81
25,44,33.04
25,47,514.86
25,48,86.49
25,5,858.97
25,52,76.33
25,56,342.2
25,61,70.04
25,63,48.82
25,64,29.32
25,65,56.22
25,7,133.09
25,73,29.32
25,8,1105.98
25,9,70.04
26,0,0.0
26,10,147.82
26,11,18.95
26,12,62.74
26,13,50.53
26,15,73.02
26,16,94.09
26,2,28.39
26,21,62.74
26,22,127.0
26,24,214.07
26,25,66.32
26,26,340.65
26,27,550.98
26,28,251.21
26,29,244.81
26,31,55.15
26,32,18.36
26,33,217.83
26,35,33.85
26,36,18.36
26,37,100.77
26,39,356.64
26,40,101.05
26,41,92.6
26,42,107.47
26,48,28.39
26,5,240.95
26,52,44.06
26,56,101.11
26,62,28.39
26,64,63.16
26,65,51.0
26,7,173.94
26,72,98.4
26,73,18.36
26,8,161.76
26,9,28.39
27,10,182.3
27,11,120.92
27,12,326.88
27,13,549.92
27,14,289.81
27,15,250.32
27,16,1334.34
27,17,144.11
27,18,179.88
27,2,215.63
27,20,98.46
27,21,989.62
27,22,925.62
27,23,34.57
27,24,1168.67
27,25,732.3
27,26,509.39
27,27,916.71
27,28,677.86
27,29,823.59
27,3,108.43
27,30,455.42
27,31,230.28
27,32,155.92
27,33,285.42
27,34,100.51
27,35,619.82
27,37,39.86
27,39,243.56
27,4,141.38
27,40,81.6
27,41,381.7
27,42,129.14
27,43,874.97
27,44,138.0
27,45,10.83
27,47,430.11
27,48,103.13
27,49,79.01
27,5,870.26
27,51,25.63
27,52,146.02
27,53,41.71
27,54,68.44
27,55,43.9
27,56,271.14
27,58,54.29
27,6,55.69
27,60,5.57
27,61,20.47
27,63,207.94
27,64,25.61
27,65,266.38
27,67,31.1
27,7,129.8
27,8,206.55
27,9,26.92
28,10,122.92
28,11,40.06
28,12,172.03
28,13,253.69
28,14,296.87
28,15,295.74
28,16,73.61
28,20,98.46
28,21,53.84
28,22,79.15
28,24,314.18
28,25,111.28
28,26,251.21
28,27,612.27
28,28,1092.78
28,29,706.28
28,3,101.8
28,30,128.64
28,31,119.39
28,32,41.11
28,33,178.05
28,34,185.38
28,39,99.73
28,4,101.8
28,40,68.95
28,41,156.44
28,42,162.8
28,43,164.99
28,45,2.84
28,47,212.48
28,48,46.29
28,49,48.63
28,5,671.16
28,56,131.38
28,61,164.7
28,67,34.77
28,7,58.1
28,70,27.32
28,8,129.8
28,9,128.11
29,0,0.0
29,10,42.71
29,11,59.37
29,12,59.03
29,13,144.54
29,14,121.18
29,15,253.39
29,16,324.4
29,21,159.09
29,22,405.4
29,24,543.8
29,25,537.36
29,26,244.81
29,27,879.87
29,28,732.28
29,29,1288.69
29,3,172.42
29,30,215.17
29,31,672.24
29,32,121.37
29,33,243.05
29,34,341.42
29,35,46.89
29,37,23.45
29,38,94.25
29,39,263.08
29,40,269.59
29,41,299.74
29,42,69.59
29,43,240.44
29,44,33.91
29,45,1.12
29,47,100.22
29,48,342.88
29,5,587.07
29,54,23.31
29,56,173.0
29,63,69.85
29,65,149.81
29,67,41.73
29,7,167.55
29,74,15.16
29,8,474.34
29,9,24.52
3,0,0.0
3,1,111.66
3,10,129.66
3,11,222.04
3,12,1131.85
3,13,241.18
3,14,456.78
3,15,304.16
3,16,1570.0
3,17,168.8
3,18,360.48
3,19,138.54
3,2,1187.48
3,21,212.63
3,22,633.43
3,24,797.42
3,25,233.32
3,26,151.77
3,27,12.68
3,28,148.92
3,29,201.92
3,3,1068.74
3,30,64.19
3,31,52.03
3,32,19.58
3,33,174.61
3,34,96.58
3,35,184.14
3,37,77.41
3,38,84.4
3,39,271.42
3,4,807.36
3,40,278.11
3,41,24.81
3,42,635.92
3,43,428.0
3,44,147.33
3,45,1.12
3,47,512.38
3,49,918.86
3,5,1272.18
3,52,211.96
3,53,20.34
3,56,165.61
3,57,195.67
3,60,46.06
3,61,16.86
3,63,85.17
3,64,178.98
3,65,190.1
3,7,872.15
3,72,9.89
3,8,360.39
3,9,24.0
30,10,36.07
30,12,72.13
30,13,144.27
30,14,52.88
30,15,228.96
30,16,31.57
30,18,67.03
30,20,21.59
30,21,36.07
30,22,246.99
30,24,229.44
30,25,72.13
30,27,476.01
30,28,143.88
30,29,160.54
30,3,113.58
30,30,180.33
30,31,134.29
30,32,19.58
30,33,74.53
30,34,157.06
30,35,39.33
30,36,78.93
30,37,216.0
30,41,185.66
30,42,50.48
30,43,245.15
30,44,83.62
30,47,51.49
30,48,209.27
30,49,40.64
30,5,158.74
30,50,11.12
30,52,63.05
30,56,231.24
30,58,13.57
30,63,26.21
30,65,51.49
30,7,231.62
30,8,256.69
30,9,45.51
31,0,0.0
31,10,143.67
31,11,24.21
31,12,135.86
31,13,106.43
31,14,39.94
31,15,24.52
31,16,48.04
31,2,92.61
31,21,193.77
31,22,143.69
31,24,317.17
31,25,78.05
31,26,52.03
31,27,315.22
31,28,119.39
31,29,613.2
31,3,18.72
31,30,126.95
31,31,542.78
31,32,162.76
31,33,62.78
31,34,93.31
31,36,31.21
31,38,76.17
31,39,100.56
31,4,44.73
31,40,80.75
31,41,137.37
31,42,63.42
31,43,193.94
31,46,7.68
31,47,23.62
31,48,60.99
31,49,70.75
31,5,424.05
31,52,27.44
31,54,18.72
31,56,109.05
31,57,27.44
31,58,13.57
31,63,79.51
31,64,76.83
31,65,68.58
31,66,37.43
31,67,55.15
31,7,295.74
31,71,27.44
31,73,18.72
31,8,223.27
31,9,60.9
32,11,22.07
32,13,92.85
32,14,41.54
32,17,28.72
32,21,10.21
32,22,108.99
32,26,36.73
32,27,77.74
32,28,58.79
32,29,163.02
32,3,19.58
32,30,19.58
32,31,162.76
32,32,235.01
32,33,245.4
32,34,12.66
32,35,100.05
32,38,22.07
32,39,22.07
32,41,69.71
32,42,34.86
32,43,42.25
32,47,76.14
32,5,103.7
32,56,160.42
32,63,20.43
32,64,51.22
32,67,19.58
32,7,247.9
32,8,19.58
33,10,195.43
33,11,200.89
33,12,291.15
33,13,84.85
33,15,75.54
33,16,218.45
33,19,20.94
33,2,44.01
33,20,21.59
33,21,51.64
33,22,28.47
33,24,122.48
33,25,81.5
33,26,217.83
33,27,171.11
33,28,194.58
33,29,167.65
33,3,172.13
33,30,60.86
33,31,102.98
33,32,236.37
33,33,732.82
33,34,118.92
33,35,187.39
33,4,30.7
33,40,145.85
33,41,81.95
33,42,176.27
33,43,175.87
33,49,47.69
33,5,507.49
33,56,85.21
33,6,153.79
33,63,66.99
33,64,37.3
33,7,79.14
33,8,158.7
34,0,0.0
34,10,205.85
34,11,106.85
34,12,288.54
34,13,57.81
34,14,267.14
34,15,141.78
34,16,737.49
34,18,77.6
34,2,308.43
34,20,21.59
34,21,106.23
34,22,685.23
34,24,385.39
34,25,97.02
34,27,347.96
34,28,186.1
34,29,343.37
34,3,138.5
34,30,44.13
34,31,56.93
34,32,50.99
34,33,135.51
34,34,776.37
34,35,1213.44
34,36,62.48
34,37,151.55
34,38,139.09
34,39,339.28
34,4,67.1
34,40,146.39
34,41,103.63
34,42,198.77
34,43,326.17
34,44,77.6
34,47,373.42
34,48,75.6
34,49,45.6
34,5,1005.06
34,52,33.94
34,55,43.9
34,56,149.85
34,58,91.17
34,63,119.65
34,64,32.6
34,65,102.68
34,7,510.09
34,74,12.33
34,8,279.39
34,9,106.84
35,11,144.36
35,12,490.36
35,13,251.69
35,14,471.17
35,15,929.21
35,16,96.91
35,22,257.46
35,24,54.62
35,25,76.33
35,27,505.45
35,29,33.66
35,3,223.38
35,30,39.33
35,32,73.23
35,33,264.76
35,34,1367.63
35,35,4291.35
35,36,280.95
35,37,694.15
35,38,265.89
35,39,312.37
35,4,288.82
35,40,146.22
35,41,403.51
35,42,248.03
35,43,194.39
35,47,171.66
35,48,39.33
35,49,17.34
35,5,1317.78
35,52,24.81
35,55,109.16
35,56,473.75
35,6,44.17
35,62,26.82
35,63,74.41
35,64,64.94
35,65,42.24
35,66,53.64
35,67,44.73
35,7,530.02
35,71,26.82
35,74,125.19
35,8,698.42
35,9,540.51
36,10,28.82
36,12,138.59
36,15,101.89
36,16,31.57
36,18,71.31
36,21,70.08
36,22,131.08
36,24,55.6
36,25,134.97
36,26,73.91
36,27,35.38
36,3,28.35
36,30,129.11
36,31,42.54
36,32,40.0
36,34,62.48
36,35,272.63
36,37,39.43
36,38,18.1
36,39,22.92
36,43,169.1
36,44,88.28
36,47,104.77
36,5,33.01
36,56,130.3
36,65,38.03
37,1,43.31
37,10,126.79
37,11,43.31
37,12,10.64
37,13,142.07
37,14,48.99
37,15,72.51
37,16,51.98
37,17,27.97
37,18,43.45
37,19,15.45
37,2,200.32
37,20,49.22
37,22,196.9
37,24,55.6
37,25,87.96
37,26,98.71
37,27,62.72
37,3,50.13
37,30,120.19
37,34,154.78
37,35,733.17
37,36,31.24
37,37,223.48
37,38,13.43
37,39,240.77
37,4,14.08
37,41,126.84
37,43,106.66
37,47,137.96
37,48,37.8
37,49,28.35
37,5,381.74
37,52,44.01
37,56,27.71
37,6,11.99
37,65,80.9
37,66,31.93
37,7,176.83
37,71,7.11
37,74,10.64
37,8,213.62
37,9,10.3
38,0,0.0
38,1,77.28
38,10,261.46
38,12,109.91
38,14,71.3
38,16,117.69
38,17,63.99
38,19,76.48
38,2,107.95
38,21,81.88
38,24,27.8
38,25,111.0
38,26,35.82
38,27,18.52
38,29,46.89
38,3,84.56
38,31,103.62
38,32,34.86
38,34,148.98
38,35,243.0
38,36,26.53
38,38,126.67
38,39,81.83
38,4,189.26
38,40,18.99
38,41,71.27
38,43,88.53
38,44,67.81
38,45,5.18
38,47,73.8
38,49,132.9
38,5,500.63
38,54,94.22
38,55,24.67
38,56,47.97
38,58,13.57
38,63,18.18
38,64,65.73
38,65,34.88
38,7,206.13
38,8,97.44
39,1,27.25
39,10,173.47
39,11,73.3
39,12,426.34
39,13,37.3
39,14,169.47
39,15,347.06
39,16,786.18
39,17,91.43
39,18,115.66
39,2,176.39
39,20,33.61
39,21,183.2
39,22,35.93
39,23,69.15
39,24,341.73
39,25,262.15
39,26,194.45
39,27,174.36
39,28,117.58
39,29,253.16
39,3,445.67
39,31,103.09
39,32,19.58
39,34,190.72
39,35,397.77
39,36,33.61
39,37,113.59
39,38,56.62
39,39,466.85
39,4,57.43
39,40,26.82
39,41,87.63
39,42,416.24
39,43,309.99
39,44,83.62
39,45,2.93
39,47,430.44
39,49,169.84
39,5,620.31
39,52,264.55
39,56,321.63
39,58,13.57
39,6,85.48
39,62,31.33
39,63,72.52
39,64,57.93
39,65,64.89
39,7,310.18
39,8,249.07
4,0,0.0
4,1,389.91
4,11,44.01
4,12,132.26
4,13,65.28
4,14,74.86
4,15,60.96
4,16,324.89
4,17,35.45
4,18,29.63
4,19,17.8
4,2,402.07
4,22,55.42
4,24,234.07
4,25,119.32
4,27,188.9
4,28,27.32
4,3,610.64
4,33,30.7
4,34,53.18
4,35,227.31
4,36,33.01
4,37,21.28
4,38,229.62
4,39,113.19
4,4,425.4
4,41,50.54
4,42,96.42
4,43,123.67
4,47,138.24
4,48,93.23
4,49,261.79
4,5,385.83
4,56,385.11
4,57,18.94
4,59,14.3
4,63,85.37
4,65,77.5
4,7,115.24
4,70,44.01
4,8,133.47
4,9,189.82
40,0,0.0
40,10,302.55
40,11,154.7
40,12,328.67
40,13,234.39
40,14,106.43
40,15,41.31
40,16,256.96
40,17,174.5
40,2,235.17
40,21,64.89
40,22,56.95
40,24,302.33
40,25,52.18
40,27,139.1
40,28,34.47
40,29,285.61
40,3,145.05
40,30,108.31
40,31,110.84
40,33,276.04
40,34,141.12
40,35,153.64
40,38,18.99
40,39,29.07
40,40,64.53
40,41,55.83
40,42,138.66
40,43,170.51
40,44,359.62
40,47,165.84
40,48,71.52
40,5,360.19
40,55,20.94
40,56,117.54
40,6,24.26
40,64,129.4
40,65,184.69
40,66,77.29
40,67,100.91
40,7,123.0
40,73,12.73
40,8,21.4
40,9,71.41
41,10,91.02
41,11,56.7
41,12,173.75
41,13,115.99
41,14,138.78
41,15,148.02
41,16,835.27
41,17,38.04
41,18,41.69
41,19,43.22
41,21,133.15
41,22,1322.81
41,24,322.51
41,25,164.66
41,26,85.16
41,27,336.35
41,28,151.89
41,29,277.05
41,3,193.67
41,30,110.27
41,31,107.18
41,32,44.3
41,33,132.74
41,34,50.54
41,35,269.33
41,37,137.08
41,38,71.27
41,39,170.48
41,4,89.85
41,40,47.49
41,41,88.0
41,42,39.47
41,43,361.6
41,44,355.84
41,47,249.8
41,48,37.8
41,49,21.36
41,5,375.69
41,51,12.82
41,52,91.09
41,54,93.22
41,56,159.72
41,57,12.22
41,58,84.14
41,63,116.24
41,64,100.72
41,65,177.95
41,7,226.9
41,8,56.02
41,9,117.95
42,0,0.0
42,10,327.81
42,11,643.75
42,12,860.42
42,13,344.09
42,14,1465.94
42,15,855.61
42,16,444.46
42,17,92.19
42,18,283.36
42,19,17.8
42,20,136.47
42,21,138.12
42,22,169.66
42,24,70.16
42,25,254.3
42,26,107.3
42,27,133.73
42,28,144.15
42,29,73.92
42,3,694.97
42,30,50.48
42,31,123.13
42,33,117.31
42,34,225.46
42,35,145.54
42,36,40.0
42,39,251.85
42,4,78.7
42,40,206.95
42,41,39.47
42,42,480.02
42,43,679.81
42,44,33.91
42,45,6.01
42,46,16.86
42,47,111.07
42,48,176.27
42,49,24.61
42,5,2007.64
42,56,121.42
42,57,26.71
42,63,159.7
42,64,420.91
42,65,55.57
42,67,8.65
42,7,302.86
42,8,1028.33
43,0,0.0
43,1,25.9
43,10,285.48
43,11,316.69
43,12,864.95
43,13,104.56
43,14,263.03
43,15,1028.18
43,16,1197.58
43,17,106.06
43,18,132.35
43,2,69.15
43,20,514.16
43,21,866.39
43,22,815.63
43,24,505.15
43,25,190.25
43,27,720.05
43,28,273.05
43,29,263.45
43,3,301.03
43,30,303.75
43,31,175.95
43,32,57.84
43,33,175.32
43,34,286.25
43,35,201.1
43,36,157.47
43,37,67.11
43,38,128.71
43,39,294.25
43,4,109.65
43,40,199.03
43,41,392.98
43,42,662.83
43,43,4882.59
43,44,463.56
43,46,59.24
43,47,344.56
43,48,114.79
43,49,65.28
43,5,1408.01
43,53,23.05
43,56,281.68
43,57,23.05
43,6,165.98
43,60,25.22
43,61,46.37
43,63,357.03
43,64,521.73
43,65,295.7
43,66,12.95
43,67,70.79
43,68,12.95
43,7,601.67
43,71,44.89
43,72,12.95
43,73,55.35
43,74,34.28
43,8,779.65
43,9,202.41
44,0,0.0
44,1,22.64
44,10,418.58
44,11,669.93
44,12,92.51
44,13,357.61
44,14,182.56
44,15,280.22
44,22,138.0
44,23,34.57
44,25,57.07
44,27,87.02
44,3,90.45
44,30,83.62
44,33,26.42
44,34,47.02
44,35,43.15
44,38,180.79
44,39,92.51
44,40,205.95
44,41,274.55
44,42,33.91
44,43,369.41
44,5,330.6
44,56,226.28
44,63,53.37
44,7,277.52
44,8,392.78
45,11,3.27
45,22,77.68
45,24,27.8
45,27,11.18
45,28,4.0
45,29,1.27
45,38,7.51
45,39,1.46
45,42,2.89
45,45,2.25
45,5,2.4
45,59,1.48
45,6,2.93
45,62,2.93
45,63,5.75
46,16,16.86
46,21,63.67
46,22,28.47
46,31,15.11
46,40,16.86
46,42,14.64
46,43,29.29
46,47,67.58
46,48,67.45
46,49,16.86
46,5,17.73
46,56,16.86
46,7,34.5
47,0,0.0
47,1,59.83
47,10,206.77
47,11,143.93
47,12,217.29
47,13,260.67
47,14,144.73
47,15,426.98
47,16,113.01
47,17,67.55
47,18,125.31
47,2,59.93
47,21,234.2
47,22,601.41
47,23,34.57
47,24,1123.5
47,25,542.55
47,26,33.61
47,27,491.53
47,28,197.68
47,29,109.05
47,3,593.06
47,30,87.93
47,31,70.86
47,32,53.94
47,34,430.65
47,35,227.02
47,36,53.1
47,37,216.8
47,38,56.46
47,39,318.06
47,4,38.54
47,40,207.77
47,41,128.84
47,42,105.9
47,43,313.25
47,46,17.73
47,47,773.35
47,48,47.25
47,49,18.1
47,5,802.12
47,52,132.38
47,56,311.41
47,58,13.57
47,60,15.47
47,61,33.72
47,63,28.39
47,64,65.75
47,65,77.1
47,67,26.55
47,7,281.04
47,70,26.55
47,73,17.73
47,8,987.75
47,9,221.42
48,10,211.29
48,11,19.89
48,12,167.49
48,13,114.98
48,14,178.98
48,15,42.59
48,16,178.07
48,17,151.29
48,2,67.28
48,21,110.85
48,22,469.21
48,24,200.71
48,25,67.28
48,26,28.39
48,27,103.13
48,29,264.8
48,3,42.59
48,30,153.84
48,31,72.35
48,34,110.85
48,35,67.8
48,37,55.43
48,4,80.66
48,40,179.08
48,41,104.92
48,42,215.96
48,43,145.46
48,46,67.45
48,47,47.25
48,48,113.4
48,5,497.4
48,56,211.69
48,63,31.39
48,65,389.28
48,67,28.35
48,7,25.24
48,72,55.43
48,8,80.66
49,1,289.75
49,10,150.52
49,11,28.35
49,12,352.23
49,15,309.6
49,2,1038.13
49,20,140.28
49,21,70.08
49,22,83.89
49,24,35.38
49,27,98.06
49,28,48.63
49,3,996.69
49,30,64.19
49,31,18.72
49,33,56.71
49,34,53.77
49,36,28.35
49,37,41.26
49,38,168.45
49,39,173.66
49,4,126.96
49,40,25.42
49,42,58.65
49,43,71.13
49,46,33.72
49,47,63.97
49,48,12.91
49,49,366.16
49,5,797.03
49,56,59.92
49,57,39.48
49,58,13.57
49,63,13.0
49,65,57.46
49,66,187.53
49,67,32.95
49,7,244.04
49,8,201.68
5,0,0.0
5,10,620.52
5,11,927.26
5,12,2206.08
5,13,532.12
5,14,877.4
5,15,566.41
5,16,2927.71
5,17,255.52
5,18,398.2
5,19,210.77
5,2,1037.15
5,20,434.26
5,21,1064.3
5,22,1234.43
5,23,34.57
5,24,1464.04
5,25,674.62
5,26,262.75
5,27,818.16
5,28,779.57
5,29,582.99
5,3,915.28
5,30,167.41
5,31,419.04
5,32,208.44
5,33,576.47
5,34,896.59
5,35,1230.78
5,36,33.01
5,37,257.3
5,38,453.69
5,39,437.17
5,4,519.11
5,40,145.96
5,41,140.01
5,42,1936.77
5,43,1333.31
5,44,400.04
5,45,2.56
5,46,33.79
5,47,673.62
5,48,465.19
5,49,771.86
5,5,3347.34
5,52,366.82
5,53,15.03
5,54,23.31
5,55,174.73
5,56,880.48
5,57,48.88
5,58,40.71
5,59,103.56
5,6,194.07
5,61,37.0
5,62,48.04
5,63,463.75
5,64,651.89
5,65,677.76
5,66,22.51
5,67,48.44
5,68,16.92
5,7,1358.72
5,73,14.56
5,8,1314.28
5,9,383.4
50,11,57.97
50,16,11.12
50,23,34.57
50,30,6.25
50,50,50.0
50,52,18.75
50,53,13.29
50,54,6.25
50,7,37.82
51,15,7.2
51,2,8.11
51,27,20.93
51,41,8.11
51,51,14.4
51,52,38.23
51,54,47.23
51,56,8.11
51,57,12.82
51,58,35.33
51,7,38.45
52,10,45.27
52,11,91.11
52,12,134.45
52,15,154.65
52,16,102.47
52,19,249.83
52,2,88.03
52,21,44.06
52,22,85.42
52,23,69.15
52,25,76.33
52,26,10.94
52,27,126.11
52,3,199.66
52,30,49.18
52,31,18.72
52,34,19.07
52,38,54.93
52,39,326.88
52,4,11.3
52,41,104.29
52,47,60.34
52,5,589.85
52,50,12.5
52,51,33.08
52,52,558.4
52,53,119.01
52,54,445.48
52,56,74.5
52,57,30.12
52,58,54.29
52,61,19.07
52,64,11.3
52,66,16.92
52,68,68.87
52,7,189.34
52,71,44.06
52,8,145.19
52,9,10.94
53,10,11.45
53,19,24.29
53,22,8.8
53,23,69.15
53,27,50.51
53,3,20.34
53,5,33.01
53,50,17.37
53,52,130.07
53,53,27.76
53,54,91.52
53,58,13.57
54,2,30.02
54,20,42.03
54,23,34.57
54,27,80.84
54,29,14.75
54,31,18.72
54,38,54.93
54,41,67.57
54,43,12.95
54,5,14.75
54,50,6.25
54,51,47.23
54,52,476.34
54,53,78.57
54,54,78.57
54,58,13.57
55,11,16.16
55,12,31.13
55,13,49.33
55,14,80.17
55,17,27.79
55,22,28.47
55,27,27.79
55,29,70.34
55,3,24.67
55,33,20.94
55,34,27.79
55,35,109.16
55,38,24.67
55,5,124.51
55,59,41.14
55,6,24.26
55,61,49.33
55,64,74.0
55,8,24.67
56,1,127.32
56,10,259.93
56,11,103.24
56,12,554.92
56,13,233.17
56,14,185.65
56,15,154.02
56,16,934.8
56,17,170.05
56,18,67.35
56,2,190.5
56,20,299.11
56,21,343.08
56,22,650.09
56,24,1015.29
56,25,308.77
56,26,136.87
56,27,85.76
56,28,252.68
56,29,180.96
56,3,166.89
56,30,284.09
56,31,114.69
56,32,126.64
56,33,129.66
56,34,174.03
56,35,566.24
56,36,93.73
56,37,26.25
56,38,60.94
56,39,271.56
56,4,266.63
56,40,155.93
56,41,91.38
56,42,293.38
56,43,486.8
56,44,153.76
56,46,28.36
56,47,383.06
56,48,311.74
56,49,114.72
56,5,303.01
56,50,6.25
56,51,12.82
56,52,124.19
56,56,386.54
56,58,27.14
56,59,17.35
56,6,169.81
56,63,131.27
56,64,185.58
56,65,441.85
56,7,135.12
56,8,349.78
56,9,74.42
57,12,33.04
57,13,21.7
57,15,157.57
57,19,12.22
57,2,46.13
57,3,130.58
57,31,27.44
57,34,27.96
57,38,33.92
57,4,24.44
57,41,12.22
57,42,50.91
57,43,23.05
57,49,10.95
57,5,120.94
57,51,14.01
57,52,30.12
58,1,15.29
58,12,134.45
58,21,13.57
58,22,27.14
58,23,54.29
58,27,93.17
58,30,13.57
58,31,13.57
58,34,62.51
58,38,13.57
58,39,13.57
58,41,27.14
58,47,13.57
58,49,13.57
58,5,67.86
58,51,13.57
58,52,54.29
58,53,13.57
58,54,13.57
58,56,40.71
58,58,27.14
58,68,108.57
59,12,86.01
59,13,21.97
59,14,9.75
59,18,19.5
59,20,68.15
59,21,52.39
59,22,133.23
59,4,14.3
59,45,2.77
59,5,87.44
59,55,56.06
59,56,18.98
59,59,58.5
59,62,19.5
59,63,171.87
59,64,143.51
59,65,30.84
59,8,45.69
6,10,128.0
6,11,77.54
6,12,235.89
6,14,19.3
6,16,56.19
6,17,76.45
6,23,24.26
6,27,24.26
6,3,1.65
6,33,115.95
6,34,24.26
6,35,96.65
6,37,18.94
6,39,171.51
6,4,24.26
6,40,24.26
6,43,131.85
6,45,2.93
6,5,121.29
6,55,43.18
6,56,194.07
6,65,81.86
6,7,48.52
6,70,24.26
6,8,140.05
6,9,24.26
60,22,3.8
60,3,50.21
60,38,5.57
60,43,24.84
60,61,9.75
60,66,6.34
60,67,19.27
60,68,5.57
61,12,33.04
61,16,79.67
61,20,64.78
61,22,157.59
61,24,103.59
61,25,74.0
61,27,12.96
61,28,146.25
61,3,16.86
61,43,45.64
61,47,43.83
61,5,37.0
61,52,30.12
61,55,49.33
61,61,29.32
61,63,26.59
61,65,15.42
61,8,29.94
62,0,0.0
62,1,66.68
62,13,35.49
62,18,31.33
62,26,28.39
62,35,26.82
62,39,31.33
62,45,1.46
62,5,33.01
62,59,19.5
62,63,24.46
62,64,107.43
62,72,17.6
63,0,0.0
63,12,182.23
63,13,55.3
63,14,96.4
63,15,150.28
63,16,186.55
63,17,39.2
63,18,29.63
63,2,10.21
63,20,105.75
63,21,104.58
63,22,198.4
63,24,41.19
63,25,64.75
63,26,32.77
63,27,298.05
63,29,28.39
63,3,57.87
63,31,84.8
63,32,30.64
63,33,77.55
63,34,49.97
63,35,66.04
63,38,33.15
63,39,41.28
63,4,81.78
63,40,28.39
63,41,148.9
63,42,104.83
63,43,490.26
63,44,12.89
63,45,7.95
63,47,46.57
63,48,36.36
63,49,14.97
63,5,511.19
63,56,138.89
63,59,142.37
63,61,26.59
63,62,27.81
63,63,520.86
63,64,10.21
63,65,133.29
63,67,10.21
63,69,10.21
63,7,231.25
63,71,10.21
63,72,30.64
63,8,53.65
63,9,52.03
64,10,102.45
64,11,150.33
64,12,226.04
64,13,119.84
64,14,312.7
64,15,213.09
64,16,109.42
64,20,25.61
64,21,37.55
64,22,296.5
64,24,25.61
64,26,75.11
64,27,51.22
64,3,151.28
64,31,66.79
64,34,17.1
64,35,52.43
64,39,83.46
64,40,146.41
64,41,125.33
64,42,359.65
64,43,146.83
64,47,38.93
64,5,765.58
64,52,24.81
64,55,74.0
64,56,108.75
64,59,49.69
64,62,146.95
64,63,10.21
64,64,25.61
64,67,25.61
64,7,148.38
64,70,25.61
64,8,760.86
64,9,247.75
65,10,62.76
65,11,66.06
65,12,250.89
65,13,30.84
65,14,69.52
65,15,146.85
65,16,467.17
65,20,64.78
65,21,460.04
65,22,959.14
65,24,173.09
65,25,46.99
65,26,28.39
65,27,300.38
65,29,139.74
65,3,232.22
65,30,96.71
65,31,140.55
65,34,54.89
65,35,42.24
65,36,25.72
65,37,30.84
65,38,57.01
65,39,79.93
65,4,44.82
65,40,123.85
65,41,130.08
65,42,30.84
65,43,209.48
65,47,132.26
65,48,389.28
65,49,44.82
65,5,585.51
65,56,369.31
65,59,30.84
65,6,93.89
65,61,15.42
65,63,127.16
65,65,179.84
65,66,40.15
65,7,95.93
65,71,15.42
65,8,261.11
66,13,50.87
66,14,19.3
66,20,27.94
66,21,34.83
66,22,83.89
66,27,31.1
66,31,48.73
66,40,27.85
66,42,40.0
66,43,46.67
66,49,101.96
66,60,11.14
66,66,38.67
67,10,13.54
67,11,121.21
67,12,42.05
67,16,112.59
67,18,29.63
67,2,38.2
67,20,56.22
67,21,39.47
67,22,164.01
67,23,34.57
67,24,149.1
67,28,75.4
67,29,23.45
67,31,52.03
67,32,19.58
67,35,100.28
67,42,12.95
67,43,108.05
67,47,60.34
67,49,97.38
67,5,22.51
67,53,31.79
67,60,13.55
67,63,23.43
67,64,63.16
67,67,18.72
68,13,37.3
68,16,86.46
68,2,38.2
68,22,28.47
68,23,90.01
68,24,40.76
68,43,12.95
68,52,85.79
68,58,108.57
68,72,3.8
69,16,31.57
69,19,27.6
69,24,35.38
69,35,26.82
69,37,10.64
69,49,29.13
69,5,31.57
69,52,16.92
69,54,13.09
69,63,10.21
69,65,15.42
7,10,281.63
7,11,516.59
7,12,1156.72
7,13,316.08
7,14,445.63
7,15,330.03
7,16,1553.41
7,17,39.33
7,18,396.1
7,2,469.1
7,20,97.69
7,21,648.44
7,22,1113.24
7,23,34.57
7,24,1165.57
7,25,350.3
7,26,173.94
7,27,310.51
7,28,96.27
7,29,253.59
7,3,496.68
7,30,367.47
7,31,342.55
7,32,212.11
7,33,98.96
7,34,567.09
7,35,690.72
7,37,232.66
7,38,162.9
7,39,392.94
7,4,156.52
7,40,125.7
7,41,74.48
7,42,539.03
7,43,763.75
7,44,466.98
7,46,34.5
7,47,200.26
7,48,227.78
7,49,242.67
7,5,759.66
7,50,11.12
7,51,32.83
7,52,132.08
7,53,15.62
7,56,98.94
7,57,68.96
7,58,40.71
7,6,48.52
7,63,200.89
7,64,116.14
7,65,199.99
7,66,23.45
7,7,649.16
7,8,730.64
7,9,88.4
70,13,25.44
70,18,38.34
70,24,148.52
70,28,27.32
70,34,27.96
70,35,26.82
70,37,10.64
70,38,44.01
70,47,53.1
70,6,24.26
70,64,51.22
71,10,39.31
71,11,29.78
71,13,25.44
71,14,34.35
71,15,139.13
71,16,362.04
71,2,68.22
71,21,26.92
71,22,218.49
71,24,63.18
71,28,40.06
71,31,54.89
71,33,20.94
71,35,134.1
71,37,84.22
71,40,46.84
71,41,16.05
71,43,81.1
71,47,86.88
71,48,37.8
71,49,53.37
71,5,81.13
71,52,44.06
71,63,10.21
71,64,51.22
71,65,15.42
71,7,36.42
71,8,28.01
72,10,19.65
72,12,50.19
72,13,25.44
72,2,82.22
72,21,39.47
72,22,93.18
72,24,68.56
72,26,28.39
72,27,207.53
72,37,13.54
72,38,17.8
72,39,29.17
72,4,17.73
72,43,12.95
72,47,119.32
72,48,55.43
72,6,87.42
72,60,9.37
72,62,17.6
72,63,10.21
72,72,26.92
73,12,86.01
73,15,19.21
73,16,31.57
73,22,28.47
73,24,72.38
73,25,29.32
73,26,36.73
73,31,31.21
73,34,24.27
73,35,38.93
73,38,18.72
73,43,25.21
73,49,28.35
73,5,58.61
73,56,26.55
73,8,27.8
73,9,29.72
74,16,375.04
74,19,15.71
74,22,28.47
74,29,61.04
74,34,49.64
74,35,141.42
74,37,10.64
74,43,48.7
8,0,0.0
8,1,28.01
8,10,183.76
8,11,978.4
8,12,1636.81
8,13,481.37
8,14,695.23
8,15,220.67
8,16,1542.54
8,17,106.93
8,18,861.37
8,19,29.95
8,2,652.18
8,20,147.31
8,21,912.97
8,22,600.69
8,24,602.06
8,25,948.68
8,26,190.77
8,27,135.88
8,28,256.08
8,29,610.16
8,3,367.38
8,30,108.91
8,31,197.98
8,32,19.58
8,33,48.95
8,34,420.81
8,35,915.23
8,37,171.96
8,38,118.05
8,39,203.46
8,4,239.51
8,40,186.13
8,41,95.23
8,42,1123.16
8,43,875.28
8,44,377.7
8,46,17.73
8,47,883.53
8,48,110.85
8,49,149.5
8,5,1691.15
8,52,121.18
8,56,324.13
8,59,77.67
8,61,29.94
8,63,62.03
8,64,756.4
8,65,245.16
8,7,920.53
8,71,28.01
8,8,1763.64
8,9,71.56
9,10,56.4
9,11,310.48
9,12,85.06
9,13,141.11
9,16,190.49
9,17,17.91
9,18,73.09
9,20,145.37
9,21,302.38
9,22,194.23
9,24,232.99
9,25,52.18
9,26,28.39
9,27,39.0
9,28,235.03
9,3,51.45
9,30,45.51
9,31,163.22
9,33,30.7
9,34,162.17
9,35,837.6
9,37,22.61
9,4,108.32
9,40,22.97
9,41,38.29
9,43,169.26
9,44,167.25
9,47,235.93
9,48,68.13
9,5,268.19
9,56,45.94
9,6,48.52
9,63,74.96
9,64,242.38
9,7,67.99
9,8,88.54
